date,round,team_id,team_name,p_win
2026-06-11,Pre,spain,Spain,0.1933
2026-06-11,Pre,argentina,Argentina,0.1808
2026-06-11,Pre,france,France,0.1166
2026-06-11,Pre,england,England,0.1056
2026-06-11,Pre,portugal,Portugal,0.0907
2026-06-11,Pre,brazil,Brazil,0.0786
2026-06-11,Pre,germany,Germany,0.044
2026-06-11,Pre,netherlands,Netherlands,0.0339
2026-06-11,Pre,belgium,Belgium,0.0308
2026-06-11,Pre,colombia,Colombia,0.023
2026-06-11,Pre,morocco,Morocco,0.0194
2026-06-11,Pre,japan,Japan,0.0159
2026-06-11,Pre,norway,Norway,0.0102
2026-06-11,Pre,uruguay,Uruguay,0.0092
2026-06-11,Pre,mexico,Mexico,0.0089
2026-06-11,Pre,switzerland,Switzerland,0.008
2026-06-11,Pre,croatia,Croatia,0.0058
2026-06-11,Pre,ecuador,Ecuador,0.0053
2026-06-11,Pre,united_states,United States,0.0053
2026-06-11,Pre,senegal,Senegal,0.0031
2026-06-11,Pre,canada,Canada,0.0029
2026-06-11,Pre,austria,Austria,0.0027
2026-06-11,Pre,turkey,Turkey,0.0027
2026-06-11,Pre,australia,Australia,0.0006
2026-06-11,Pre,ivory_coast,Ivory Coast,0.0006
2026-06-11,Pre,iran,Iran,0.0006
2026-06-11,Pre,algeria,Algeria,0.0005
2026-06-11,Pre,egypt,Egypt,0.0004
2026-06-11,Pre,paraguay,Paraguay,0.0002
2026-06-11,Pre,south_korea,South Korea,0.0001
2026-06-11,Pre,czech_republic,Czech Republic,0.0001
2026-06-11,Pre,scotland,Scotland,0.0001
2026-06-11,Pre,sweden,Sweden,0.0001
2026-06-11,Pre,dr_congo,DR Congo,0.0001
2026-06-11,Pre,south_africa,South Africa,0.0
2026-06-11,Pre,bosnia_and_herzegovina,Bosnia and Herzegovina,0.0
2026-06-11,Pre,qatar,Qatar,0.0
2026-06-11,Pre,haiti,Haiti,0.0
2026-06-11,Pre,curacao,Curacao,0.0
2026-06-11,Pre,tunisia,Tunisia,0.0
2026-06-11,Pre,new_zealand,New Zealand,0.0
2026-06-11,Pre,cape_verde,Cape Verde,0.0
2026-06-11,Pre,saudi_arabia,Saudi Arabia,0.0
2026-06-11,Pre,iraq,Iraq,0.0
2026-06-11,Pre,jordan,Jordan,0.0
2026-06-11,Pre,uzbekistan,Uzbekistan,0.0
2026-06-11,Pre,ghana,Ghana,0.0
2026-06-11,Pre,panama,Panama,0.0
2026-06-19,MD1,argentina,Argentina,0.2183
2026-06-19,MD1,spain,Spain,0.1649
2026-06-19,MD1,france,France,0.1251
2026-06-19,MD1,england,England,0.12
2026-06-19,MD1,brazil,Brazil,0.0671
2026-06-19,MD1,portugal,Portugal,0.0614
2026-06-19,MD1,germany,Germany,0.0539
2026-06-19,MD1,netherlands,Netherlands,0.03
2026-06-19,MD1,colombia,Colombia,0.0289
2026-06-19,MD1,belgium,Belgium,0.025
2026-06-19,MD1,morocco,Morocco,0.0213
2026-06-19,MD1,japan,Japan,0.0173
2026-06-19,MD1,norway,Norway,0.0113
2026-06-19,MD1,mexico,Mexico,0.0109
2026-06-19,MD1,united_states,United States,0.0087
2026-06-19,MD1,switzerland,Switzerland,0.0081
2026-06-19,MD1,canada,Canada,0.0049
2026-06-19,MD1,uruguay,Uruguay,0.0043
2026-06-19,MD1,croatia,Croatia,0.0042
2026-06-19,MD1,senegal,Senegal,0.0031
2026-06-19,MD1,austria,Austria,0.0031
2026-06-19,MD1,ecuador,Ecuador,0.0027
2026-06-19,MD1,australia,Australia,0.0019
2026-06-19,MD1,ivory_coast,Ivory Coast,0.0008
2026-06-19,MD1,turkey,Turkey,0.0006
2026-06-19,MD1,sweden,Sweden,0.0006
2026-06-19,MD1,south_korea,South Korea,0.0006
2026-06-19,MD1,egypt,Egypt,0.0005
2026-06-19,MD1,algeria,Algeria,0.0003
2026-06-19,MD1,iran,Iran,0.0002
2026-06-19,MD1,paraguay,Paraguay,0.0001
2026-06-19,MD1,scotland,Scotland,0.0001
2026-06-19,MD1,dr_congo,DR Congo,0.0001
2026-06-19,MD1,south_africa,South Africa,0.0
2026-06-19,MD1,czech_republic,Czech Republic,0.0
2026-06-19,MD1,bosnia_and_herzegovina,Bosnia and Herzegovina,0.0
2026-06-19,MD1,qatar,Qatar,0.0
2026-06-19,MD1,haiti,Haiti,0.0
2026-06-19,MD1,curacao,Curacao,0.0
2026-06-19,MD1,tunisia,Tunisia,0.0
2026-06-19,MD1,new_zealand,New Zealand,0.0
2026-06-19,MD1,cape_verde,Cape Verde,0.0
2026-06-19,MD1,saudi_arabia,Saudi Arabia,0.0
2026-06-19,MD1,iraq,Iraq,0.0
2026-06-19,MD1,jordan,Jordan,0.0
2026-06-19,MD1,uzbekistan,Uzbekistan,0.0
2026-06-19,MD1,ghana,Ghana,0.0
2026-06-19,MD1,panama,Panama,0.0
2026-06-24,MD2,argentina,Argentina,0.26
2026-06-24,MD2,spain,Spain,0.1785
2026-06-24,MD2,france,France,0.117
2026-06-24,MD2,england,England,0.0999
2026-06-24,MD2,portugal,Portugal,0.0705
2026-06-24,MD2,brazil,Brazil,0.0587
2026-06-24,MD2,germany,Germany,0.0478
2026-06-24,MD2,netherlands,Netherlands,0.0324
2026-06-24,MD2,colombia,Colombia,0.0263
2026-06-24,MD2,japan,Japan,0.0191
2026-06-24,MD2,morocco,Morocco,0.017
2026-06-24,MD2,belgium,Belgium,0.0158
2026-06-24,MD2,united_states,United States,0.0135
2026-06-24,MD2,mexico,Mexico,0.0129
2026-06-24,MD2,norway,Norway,0.0118
2026-06-24,MD2,canada,Canada,0.0048
2026-06-24,MD2,switzerland,Switzerland,0.0047
2026-06-24,MD2,croatia,Croatia,0.0029
2026-06-24,MD2,austria,Austria,0.0014
2026-06-24,MD2,senegal,Senegal,0.001
2026-06-24,MD2,uruguay,Uruguay,0.0008
2026-06-24,MD2,australia,Australia,0.0006
2026-06-24,MD2,south_korea,South Korea,0.0005
2026-06-24,MD2,paraguay,Paraguay,0.0004
2026-06-24,MD2,egypt,Egypt,0.0004
2026-06-24,MD2,ivory_coast,Ivory Coast,0.0003
2026-06-24,MD2,ecuador,Ecuador,0.0003
2026-06-24,MD2,algeria,Algeria,0.0003
2026-06-24,MD2,scotland,Scotland,0.0003
2026-06-24,MD2,iran,Iran,0.0002
2026-06-24,MD2,sweden,Sweden,0.0001
2026-06-24,MD2,south_africa,South Africa,0.0
2026-06-24,MD2,czech_republic,Czech Republic,0.0
2026-06-24,MD2,bosnia_and_herzegovina,Bosnia and Herzegovina,0.0
2026-06-24,MD2,qatar,Qatar,0.0
2026-06-24,MD2,haiti,Haiti,0.0
2026-06-24,MD2,turkey,Turkey,0.0
2026-06-24,MD2,curacao,Curacao,0.0
2026-06-24,MD2,tunisia,Tunisia,0.0
2026-06-24,MD2,new_zealand,New Zealand,0.0
2026-06-24,MD2,cape_verde,Cape Verde,0.0
2026-06-24,MD2,saudi_arabia,Saudi Arabia,0.0
2026-06-24,MD2,iraq,Iraq,0.0
2026-06-24,MD2,jordan,Jordan,0.0
2026-06-24,MD2,dr_congo,DR Congo,0.0
2026-06-24,MD2,uzbekistan,Uzbekistan,0.0
2026-06-24,MD2,ghana,Ghana,0.0
2026-06-24,MD2,panama,Panama,0.0
2026-06-28,Groups,argentina,Argentina,0.2889
2026-06-28,Groups,spain,Spain,0.1624
2026-06-28,Groups,france,France,0.1255
2026-06-28,Groups,england,England,0.1055
2026-06-28,Groups,brazil,Brazil,0.0635
2026-06-28,Groups,portugal,Portugal,0.0587
2026-06-28,Groups,germany,Germany,0.0384
2026-06-28,Groups,colombia,Colombia,0.0343
2026-06-28,Groups,netherlands,Netherlands,0.031
2026-06-28,Groups,belgium,Belgium,0.0186
2026-06-28,Groups,japan,Japan,0.0146
2026-06-28,Groups,morocco,Morocco,0.0135
2026-06-28,Groups,mexico,Mexico,0.0108
2026-06-28,Groups,united_states,United States,0.0079
2026-06-28,Groups,norway,Norway,0.0069
2026-06-28,Groups,switzerland,Switzerland,0.0065
2026-06-28,Groups,canada,Canada,0.0046
2026-06-28,Groups,senegal,Senegal,0.0019
2026-06-28,Groups,croatia,Croatia,0.0015
2026-06-28,Groups,ecuador,Ecuador,0.0013
2026-06-28,Groups,egypt,Egypt,0.0008
2026-06-28,Groups,australia,Australia,0.0008
2026-06-28,Groups,austria,Austria,0.0008
2026-06-28,Groups,ivory_coast,Ivory Coast,0.0006
2026-06-28,Groups,algeria,Algeria,0.0004
2026-06-28,Groups,paraguay,Paraguay,0.0001
2026-06-28,Groups,sweden,Sweden,0.0001
2026-06-28,Groups,dr_congo,DR Congo,0.0001
2026-06-28,Groups,ghana,Ghana,0.0001
2026-06-28,Groups,south_africa,South Africa,0.0
2026-06-28,Groups,south_korea,South Korea,0.0
2026-06-28,Groups,czech_republic,Czech Republic,0.0
2026-06-28,Groups,bosnia_and_herzegovina,Bosnia and Herzegovina,0.0
2026-06-28,Groups,qatar,Qatar,0.0
2026-06-28,Groups,haiti,Haiti,0.0
2026-06-28,Groups,scotland,Scotland,0.0
2026-06-28,Groups,turkey,Turkey,0.0
2026-06-28,Groups,curacao,Curacao,0.0
2026-06-28,Groups,tunisia,Tunisia,0.0
2026-06-28,Groups,iran,Iran,0.0
2026-06-28,Groups,new_zealand,New Zealand,0.0
2026-06-28,Groups,cape_verde,Cape Verde,0.0
2026-06-28,Groups,saudi_arabia,Saudi Arabia,0.0
2026-06-28,Groups,uruguay,Uruguay,0.0
2026-06-28,Groups,iraq,Iraq,0.0
2026-06-28,Groups,jordan,Jordan,0.0
2026-06-28,Groups,uzbekistan,Uzbekistan,0.0
2026-06-28,Groups,panama,Panama,0.0
2026-07-04,R32,argentina,Argentina,0.2583
2026-07-04,R32,france,France,0.2173
2026-07-04,R32,spain,Spain,0.1638
2026-07-04,R32,brazil,Brazil,0.0908
2026-07-04,R32,england,England,0.079
2026-07-04,R32,portugal,Portugal,0.0563
2026-07-04,R32,colombia,Colombia,0.0338
2026-07-04,R32,morocco,Morocco,0.0334
2026-07-04,R32,belgium,Belgium,0.0205
2026-07-04,R32,mexico,Mexico,0.0203
2026-07-04,R32,united_states,United States,0.008
2026-07-04,R32,switzerland,Switzerland,0.0072
2026-07-04,R32,norway,Norway,0.0058
2026-07-04,R32,canada,Canada,0.0043
2026-07-04,R32,egypt,Egypt,0.0007
2026-07-04,R32,paraguay,Paraguay,0.0004
2026-07-08,R16,argentina,Argentina,0.2896
2026-07-08,R16,spain,Spain,0.2566
2026-07-08,R16,france,France,0.2185
2026-07-08,R16,england,England,0.1533
2026-07-08,R16,morocco,Morocco,0.0285
2026-07-08,R16,belgium,Belgium,0.0237
2026-07-08,R16,norway,Norway,0.0183
2026-07-08,R16,switzerland,Switzerland,0.0114
2026-07-13,QF,france,France,0.3797
2026-07-13,QF,spain,Spain,0.2395
2026-07-13,QF,argentina,Argentina,0.2211
2026-07-13,QF,england,England,0.1598
2026-07-16,SF,spain,Spain,0.6574
2026-07-16,SF,argentina,Argentina,0.3426
2026-07-20,Final,spain,Spain,1.0
