match_id,stage,group,date,home_id,away_id,home_name,away_name,actual_home_goals,actual_away_goals,status,outcome_90,outcome_120,advancer_id,model_p_home_90,model_p_draw_90,model_p_away_90,model_p_home_120,model_p_draw_120,model_p_away_120,model_p_home_advance,model_p_away_advance,model_xg_home,model_xg_away,model_modal_home,model_modal_away,model_modal_p,model_pred_outcome,bet365_home_odds,bet365_draw_odds,bet365_away_odds,bet365_p_home,bet365_p_draw,bet365_p_away,pinnacle_home_odds,pinnacle_draw_odds,pinnacle_away_odds,pinnacle_p_home,pinnacle_p_draw,pinnacle_p_away,model_1x2_correct,model_exact_correct,model_advance_correct,model_log_loss,model_brier
G01,group,A,2026-06-11,mexico,south_africa,Mexico,South Africa,2,0,FT,home,home,,0.7925,0.1511,0.0564,,,,,,2.4,0.51,2,0,,home,1.46,4.55,8.4,0.669,0.2147,0.1163,1.45,4.05,8.79,0.6566,0.2351,0.1083,True,True,,0.2326,0.0691
G02,group,A,2026-06-11,south_korea,czech_republic,South Korea,Czech Republic,2,1,FT,home,home,,0.4284,0.2771,0.2945,,,,,,1.42,1.14,1,1,,home,2.69,3.02,3.1,0.3625,0.3229,0.3146,2.61,3.16,3.11,0.3752,0.3099,0.3149,True,False,,0.8478,0.4903
G03,group,B,2026-06-12,canada,bosnia_and_herzegovina,Canada,Bosnia and Herzegovina,1,1,FT,draw,draw,,0.6856,0.2078,0.1066,,,,,,2.0,0.65,2,0,,home,1.83,3.62,5.0,0.5343,0.2701,0.1956,1.862,3.46,4.45,0.5111,0.275,0.2139,False,False,,1.5712,1.109
G04,group,D,2026-06-12,united_states,paraguay,United States,Paraguay,4,1,FT,home,home,,0.5503,0.2588,0.1909,,,,,,1.64,0.86,1,0,,home,2.08,3.26,4.15,0.4675,0.2983,0.2343,2.09,3.17,3.98,0.4578,0.3018,0.2404,True,False,,0.5973,0.3057
G05,group,B,2026-06-13,qatar,switzerland,Qatar,Switzerland,1,1,FT,draw,draw,,0.0414,0.1078,0.8508,,,,,,0.57,2.98,0,2,,away,15.95,7.7,1.2,0.0611,0.1266,0.8123,31.66,7.02,1.151,0.0303,0.1366,0.8331,False,False,,2.2276,1.5216
G06,group,C,2026-06-13,brazil,morocco,Brazil,Morocco,1,1,FT,draw,draw,,0.4684,0.3204,0.2111,,,,,,1.18,0.7,1,0,,home,1.69,3.84,5.75,0.5767,0.2538,0.1695,1.699,3.52,5.6,0.5599,0.2702,0.1699,False,False,,1.1381,0.7258
G07,group,C,2026-06-13,haiti,scotland,Haiti,Scotland,0,1,FT,away,away,,0.1788,0.2234,0.5978,,,,,,1.0,1.99,1,1,,away,6.3,4.5,1.55,0.1547,0.2166,0.6287,5.3,4.2,1.684,0.1849,0.2333,0.5818,True,False,,0.5144,0.2436
G08,group,D,2026-06-13,australia,turkey,Australia,Turkey,2,0,FT,home,home,,0.255,0.2791,0.4658,,,,,,1.0,1.44,1,1,,away,5.6,3.84,1.7,0.1738,0.2535,0.5726,5.25,3.67,1.781,0.1859,0.266,0.5481,False,False,,1.3665,0.8499
G09,group,E,2026-06-14,germany,curacao,Germany,Curacao,7,1,FT,home,home,,0.942,0.0452,0.0127,,,,,,4.04,0.46,4,0,,home,1.05,21.0,36.0,0.9266,0.0463,0.027,1.057,20.0,41.0,0.9271,0.049,0.0239,True,False,,0.0597,0.0056
G10,group,E,2026-06-14,ivory_coast,ecuador,Ivory Coast,Ecuador,1,0,FT,home,home,,0.2259,0.3519,0.4222,,,,,,0.65,1.0,0,0,,away,3.36,2.85,2.67,0.2909,0.343,0.3661,3.33,2.94,2.38,0.2831,0.3207,0.3962,False,False,,1.4878,0.9014
G11,group,F,2026-06-14,netherlands,japan,Netherlands,Japan,2,2,FT,draw,draw,,0.4038,0.297,0.2992,,,,,,1.25,1.04,1,1,,home,2.1,3.46,3.88,0.4655,0.2825,0.252,1.99,3.41,3.83,0.4755,0.2775,0.247,False,False,,1.2142,0.7469
G12,group,F,2026-06-14,sweden,tunisia,Sweden,Tunisia,5,1,FT,home,home,,0.503,0.2747,0.2222,,,,,,1.5,0.91,1,1,,home,1.93,3.44,4.6,0.5049,0.2833,0.2118,1.892,3.26,4.48,0.4993,0.2898,0.2109,True,False,,0.6871,0.3718
G13,group,G,2026-06-15,belgium,egypt,Belgium,Egypt,1,1,FT,draw,draw,,0.6417,0.2399,0.1184,,,,,,1.72,0.6,1,0,,home,1.61,4.15,6.3,0.6085,0.2361,0.1555,1.512,4.16,7.02,0.6334,0.2302,0.1364,False,False,,1.4275,1.0035
G14,group,G,2026-06-15,iran,new_zealand,Iran,New Zealand,2,2,FT,draw,draw,,0.5939,0.2407,0.1654,,,,,,1.79,0.83,1,0,,home,1.79,3.56,5.3,0.5433,0.2732,0.1835,1.917,3.5,4.47,0.5059,0.2771,0.217,False,False,,1.4242,0.9566
G15,group,H,2026-06-15,spain,cape_verde,Spain,Cape Verde,0,0,FT,draw,draw,,0.9573,0.0361,0.0066,,,,,,3.98,0.28,4,0,,home,1.08,15.5,28.0,0.9023,0.0629,0.0348,1.107,11.5,21.0,0.8703,0.0838,0.0459,False,False,,3.3207,1.8455
G16,group,H,2026-06-15,saudi_arabia,uruguay,Saudi Arabia,Uruguay,1,1,FT,draw,draw,,0.0823,0.2293,0.6884,,,,,,0.43,1.72,0,1,,away,8.8,4.35,1.46,0.1105,0.2235,0.666,7.7,3.7,1.473,0.1204,0.2505,0.6292,False,False,,1.4727,1.0746
G17,group,I,2026-06-16,france,senegal,France,Senegal,3,1,FT,home,home,,0.6279,0.245,0.1271,,,,,,1.69,0.62,1,0,,home,1.48,4.6,7.5,0.6583,0.2118,0.1299,1.531,4.11,6.42,0.6207,0.2312,0.148,True,False,,0.4654,0.2147
G18,group,I,2026-06-16,iraq,norway,Iraq,Norway,1,4,FT,away,away,,0.0659,0.1716,0.7626,,,,,,0.5,2.21,0,2,,away,14.5,7.0,1.23,0.0673,0.1394,0.7933,13.5,6.75,1.25,0.0725,0.1449,0.7826,True,False,,0.271,0.0901
G19,group,J,2026-06-16,argentina,algeria,Argentina,Algeria,3,0,FT,home,home,,0.7538,0.183,0.0632,,,,,,2.06,0.44,2,0,,home,1.42,4.5,8.0,0.6698,0.2113,0.1189,1.526,3.89,7.15,0.6228,0.2443,0.1329,True,False,,0.2826,0.0981
G20,group,J,2026-06-16,austria,jordan,Austria,Jordan,3,1,FT,home,home,,0.6792,0.2049,0.1159,,,,,,2.06,0.73,2,0,,home,1.4,4.75,8.0,0.6804,0.2005,0.1191,1.4,4.9,9.3,0.6963,0.1989,0.1048,True,False,,0.3869,0.1583
G21,group,K,2026-06-17,portugal,dr_congo,Portugal,DR Congo,1,1,FT,draw,draw,,0.7876,0.163,0.0495,,,,,,2.19,0.39,2,0,,home,1.27,5.7,15.0,0.7648,0.1704,0.0648,1.303,5.75,12.5,0.7514,0.1703,0.0783,False,False,,1.8143,1.3233
G22,group,K,2026-06-17,uzbekistan,colombia,Uzbekistan,Colombia,1,3,FT,away,away,,0.0724,0.1797,0.7479,,,,,,0.52,2.15,0,2,,away,10.0,4.45,1.42,0.0972,0.2184,0.6844,12.5,5.6,1.312,0.0784,0.1749,0.7467,True,False,,0.2905,0.1011
G23,group,L,2026-06-17,england,croatia,England,Croatia,4,2,FT,home,home,,0.5608,0.2838,0.1554,,,,,,1.43,0.62,1,0,,home,1.7,3.82,5.65,0.5728,0.2549,0.1723,1.671,3.93,5.81,0.5838,0.2482,0.1679,True,False,,0.5784,0.2976
G24,group,L,2026-06-17,ghana,panama,Ghana,Panama,1,0,FT,home,home,,0.3217,0.2946,0.3837,,,,,,1.11,1.23,1,1,,away,2.4,3.22,3.36,0.4066,0.303,0.2904,2.43,3.18,3.39,0.4031,0.308,0.2889,False,False,,1.1343,0.6942
G25,group,A,2026-06-18,czech_republic,south_africa,Czech Republic,South Africa,1,1,FT,draw,draw,,0.5466,0.2651,0.1883,,,,,,1.58,0.82,1,0,,home,1.86,3.64,4.75,0.5256,0.2686,0.2058,1.952,3.43,4.58,0.5012,0.2852,0.2136,False,False,,1.3278,0.8744
G26,group,A,2026-06-18,mexico,south_korea,Mexico,South Korea,1,0,FT,home,home,,0.5698,0.2487,0.1815,,,,,,1.73,0.87,1,0,,home,2.05,3.32,4.25,0.4762,0.2941,0.2297,2.04,3.05,4.25,0.4654,0.3113,0.2234,True,True,,0.5625,0.2799
G27,group,B,2026-06-18,switzerland,bosnia_and_herzegovina,Switzerland,Bosnia and Herzegovina,4,1,FT,home,home,,0.7313,0.1841,0.0846,,,,,,2.17,0.6,2,0,,home,1.58,4.15,6.7,0.6186,0.2355,0.1459,1.574,4.3,6.5,0.6218,0.2276,0.1506,True,False,,0.3129,0.1132
G28,group,B,2026-06-18,canada,qatar,Canada,Qatar,6,0,FT,home,home,,0.8141,0.1301,0.0558,,,,,,2.74,0.62,2,0,,home,1.32,5.75,11.0,0.741,0.1701,0.0889,1.198,5.21,13.36,0.7578,0.1742,0.068,True,False,,0.2056,0.0546
G29,group,C,2026-06-19,scotland,morocco,Scotland,Morocco,0,1,FT,away,away,,0.1294,0.2781,0.5926,,,,,,0.53,1.45,0,1,,away,6.3,3.64,1.68,0.1543,0.2671,0.5786,6.04,3.74,1.689,0.1615,0.2609,0.5776,True,True,,0.5233,0.2601
G30,group,C,2026-06-19,brazil,haiti,Brazil,Haiti,3,0,FT,home,home,,0.9212,0.06,0.0188,,,,,,3.74,0.51,3,0,,home,1.1,12.5,25.0,0.8834,0.0777,0.0389,1.137,11.0,20.5,0.8629,0.0892,0.0479,True,True,,0.0821,0.0102
G31,group,D,2026-06-19,united_states,australia,United States,Australia,2,0,FT,home,home,,0.482,0.2669,0.2511,,,,,,1.56,1.06,1,1,,home,1.62,4.6,5.25,0.6021,0.2121,0.1858,1.588,4.45,6.0,0.6167,0.2201,0.1632,True,False,,0.7299,0.4027
G32,group,D,2026-06-19,turkey,paraguay,Turkey,Paraguay,0,1,FT,away,away,,0.4625,0.288,0.2496,,,,,,1.38,0.94,1,1,,home,2.08,3.42,3.96,0.4687,0.2851,0.2462,2.17,3.35,3.79,0.4504,0.2917,0.2579,False,False,,1.388,0.86
G33,group,E,2026-06-20,germany,ivory_coast,Germany,Ivory Coast,2,1,FT,home,home,,0.6394,0.2302,0.1304,,,,,,1.84,0.7,1,0,,home,1.51,4.85,6.4,0.6463,0.2012,0.1525,1.487,4.8,7.0,0.6569,0.2035,0.1396,True,False,,0.4472,0.2
G34,group,E,2026-06-20,ecuador,curacao,Ecuador,Curacao,0,0,FT,draw,draw,,0.767,0.171,0.062,,,,,,2.19,0.48,2,0,,home,1.16,9.5,16.0,0.8371,0.1022,0.0607,1.166,9.5,17.0,0.8394,0.103,0.0576,False,False,,1.7661,1.2794
G35,group,F,2026-06-20,netherlands,sweden,Netherlands,Sweden,5,1,FT,home,home,,0.6842,0.1898,0.126,,,,,,2.3,0.89,2,0,,home,1.73,4.12,4.9,0.564,0.2368,0.1991,1.724,4.09,4.98,0.5657,0.2385,0.1958,True,False,,0.3795,0.1516
G36,group,F,2026-06-20,tunisia,japan,Tunisia,Japan,0,4,FT,away,away,,0.0717,0.1849,0.7434,,,,,,0.5,2.1,0,2,,away,8.6,4.35,1.47,0.1133,0.224,0.6628,8.0,4.3,1.502,0.1221,0.2273,0.6506,True,False,,0.2965,0.1051
G37,group,G,2026-06-21,belgium,iran,Belgium,Iran,0,0,FT,draw,draw,,0.6713,0.2056,0.1231,,,,,,2.08,0.78,2,0,,home,1.42,4.9,8.5,0.6864,0.1989,0.1147,1.454,4.6,8.7,0.6742,0.2131,0.1127,False,False,,1.5819,1.0969
G38,group,G,2026-06-21,new_zealand,egypt,New Zealand,Egypt,1,3,FT,away,away,,0.205,0.2943,0.5007,,,,,,0.77,1.36,0,1,,away,6.1,4.15,1.61,0.1598,0.2349,0.6054,6.0,3.9,1.662,0.1626,0.2502,0.5871,True,False,,0.6917,0.3779
G39,group,H,2026-06-21,spain,saudi_arabia,Spain,Saudi Arabia,4,0,FT,home,home,,0.9077,0.076,0.0163,,,,,,3.11,0.31,3,0,,home,1.1,12.0,27.0,0.8831,0.0809,0.036,1.121,11.25,23.5,0.8716,0.0868,0.0416,True,False,,0.0968,0.0146
G40,group,H,2026-06-21,uruguay,cape_verde,Uruguay,Cape Verde,2,2,FT,draw,draw,,0.6981,0.2219,0.0801,,,,,,1.78,0.44,1,0,,home,1.41,4.55,10.0,0.6892,0.2136,0.0972,1.362,4.37,9.39,0.6865,0.214,0.0996,False,False,,1.5057,1.0992
G41,group,I,2026-06-22,france,iraq,France,Iraq,3,0,FT,home,home,,0.8997,0.0818,0.0185,,,,,,3.04,0.32,3,0,,home,1.08,12.5,40.0,0.8981,0.0776,0.0243,1.07,11.83,23.34,0.8801,0.0796,0.0403,True,True,,0.1057,0.0171
G42,group,I,2026-06-22,norway,senegal,Norway,Senegal,3,2,FT,home,home,,0.452,0.285,0.263,,,,,,1.39,1.0,1,1,,home,2.39,3.46,3.16,0.4087,0.2823,0.3091,2.43,3.44,3.1,0.4016,0.2837,0.3148,True,False,,0.7941,0.4507
G43,group,J,2026-06-22,argentina,austria,Argentina,Austria,2,0,FT,home,home,,0.6846,0.2289,0.0864,,,,,,1.74,0.46,1,0,,home,1.48,4.45,8.0,0.6589,0.2192,0.1219,1.462,4.2,7.73,0.6505,0.2264,0.123,True,False,,0.3789,0.1594
G44,group,J,2026-06-22,jordan,algeria,Jordan,Algeria,1,2,FT,away,away,,0.1766,0.23,0.5934,,,,,,0.96,1.92,1,1,,away,6.75,4.5,1.53,0.1447,0.217,0.6383,7.0,4.65,1.476,0.138,0.2077,0.6543,True,False,,0.5218,0.2494
G45,group,K,2026-06-23,portugal,uzbekistan,Portugal,Uzbekistan,5,0,FT,home,home,,0.8192,0.1362,0.0446,,,,,,2.51,0.45,2,0,,home,1.15,9.4,21.0,0.8495,0.1039,0.0465,1.165,8.75,21.75,0.8427,0.1122,0.0451,True,False,,0.1995,0.0532
G46,group,K,2026-06-23,colombia,dr_congo,Colombia,DR Congo,1,0,FT,home,home,,0.6773,0.2268,0.0959,,,,,,1.78,0.52,1,0,,home,1.57,3.96,7.3,0.6205,0.246,0.1335,1.568,4.1,7.25,0.6255,0.2392,0.1353,True,True,,0.3897,0.1648
G47,group,L,2026-06-23,england,ghana,England,Ghana,0,0,FT,draw,draw,,0.8528,0.1186,0.0286,,,,,,2.56,0.33,2,0,,home,1.19,7.6,18.5,0.8191,0.1282,0.0527,1.19,7.75,18.5,0.8211,0.1261,0.0528,False,False,,2.1318,1.5049
G48,group,L,2026-06-23,panama,croatia,Panama,Croatia,0,1,FT,away,away,,0.111,0.1962,0.6929,,,,,,0.74,2.15,0,2,,away,8.2,4.45,1.48,0.1193,0.2198,0.6609,7.31,4.42,1.438,0.1292,0.2137,0.657,True,False,,0.3669,0.1451
G49,group,A,2026-06-24,czech_republic,mexico,Czech Republic,Mexico,0,3,FT,away,away,,0.1071,0.193,0.6999,,,,,,0.73,2.18,0,2,,away,3.85,3.95,1.95,0.2532,0.2468,0.5,4.59,3.94,1.735,0.2079,0.2422,0.5499,True,False,,0.3568,0.1388
G50,group,A,2026-06-24,south_africa,south_korea,South Africa,South Korea,1,0,FT,home,home,,0.1484,0.2541,0.5975,,,,,,0.7,1.65,0,1,,away,6.5,3.92,1.63,0.1505,0.2495,0.6,5.25,3.7,1.769,0.1856,0.2634,0.5509,False,False,,1.9078,1.1468
G51,group,B,2026-06-24,switzerland,canada,Switzerland,Canada,2,1,FT,home,home,,0.3673,0.2764,0.3563,,,,,,1.33,1.3,1,1,,home,2.52,3.12,3.28,0.3882,0.3135,0.2983,2.56,2.98,3.07,0.3713,0.319,0.3097,True,False,,1.0017,0.6037
G52,group,B,2026-06-24,bosnia_and_herzegovina,qatar,Bosnia and Herzegovina,Qatar,3,1,FT,home,home,,0.4295,0.2885,0.282,,,,,,1.34,1.04,1,1,,home,1.39,5.4,8.0,0.6987,0.1799,0.1214,1.444,4.82,6.59,0.6585,0.1973,0.1443,True,False,,0.8451,0.4882
G53,group,C,2026-06-24,scotland,brazil,Scotland,Brazil,0,3,FT,away,away,,0.0727,0.1657,0.7616,,,,,,0.59,2.34,0,2,,away,11.0,5.75,1.31,0.0884,0.1691,0.7424,10.16,5.23,1.324,0.0942,0.183,0.7228,True,False,,0.2723,0.0895
G54,group,C,2026-06-24,morocco,haiti,Morocco,Haiti,4,2,FT,home,home,,0.7043,0.2085,0.0872,,,,,,1.92,0.53,1,0,,home,1.19,7.6,17.0,0.8153,0.1277,0.0571,1.324,5.25,7.92,0.7045,0.1777,0.1178,True,False,,0.3505,0.1385
G55,group,D,2026-06-25,turkey,united_states,Turkey,United States,3,2,FT,home,home,,0.2245,0.2332,0.5423,,,,,,1.17,1.92,1,1,,away,2.7,3.4,2.5,0.3479,0.2763,0.3758,3.43,4.03,2.07,0.2851,0.2426,0.4723,False,False,,1.4939,0.9499
G56,group,D,2026-06-25,paraguay,australia,Paraguay,Australia,0,0,FT,draw,draw,,0.2702,0.3291,0.4008,,,,,,0.83,1.08,0,0,,away,2.75,2.27,4.55,0.3551,0.4302,0.2146,2.53,2.38,4.11,0.3733,0.3969,0.2298,False,True,,1.1115,0.6838
G57,group,E,2026-06-25,ecuador,germany,Ecuador,Germany,2,1,FT,home,home,,0.1462,0.2626,0.5912,,,,,,0.65,1.58,0,1,,away,5.2,4.9,1.59,0.1876,0.199,0.6134,4.35,4.3,1.775,0.2241,0.2267,0.5492,False,False,,1.9224,1.1473
G58,group,E,2026-06-25,curacao,ivory_coast,Curacao,Ivory Coast,0,2,FT,away,away,,0.097,0.2033,0.6997,,,,,,0.61,2.01,0,2,,away,16.0,8.4,1.18,0.0607,0.1157,0.8236,17.15,7.78,1.147,0.0551,0.1214,0.8235,True,True,,0.3571,0.1409
G59,group,F,2026-06-25,japan,sweden,Japan,Sweden,1,1,FT,draw,draw,,0.6854,0.193,0.1216,,,,,,2.24,0.84,2,0,,home,2.07,3.32,4.1,0.4698,0.2929,0.2372,2.41,3.44,3.17,0.4064,0.2847,0.3089,False,False,,1.645,1.1358
G60,group,F,2026-06-25,tunisia,netherlands,Tunisia,Netherlands,1,3,FT,away,away,,0.0649,0.1609,0.7742,,,,,,0.54,2.34,0,2,,away,25.0,10.5,1.12,0.0389,0.0926,0.8685,21.0,9.0,1.153,0.0464,0.1083,0.8453,True,False,,0.256,0.0811
G61,group,G,2026-06-26,egypt,iran,Egypt,Iran,1,1,FT,draw,draw,,0.3424,0.3193,0.3383,,,,,,1.03,1.02,1,1,,home,2.78,2.69,3.38,0.3501,0.3619,0.288,2.75,2.73,3.39,0.3548,0.3574,0.2878,False,True,,1.1416,0.695
G62,group,G,2026-06-26,new_zealand,belgium,New Zealand,Belgium,1,5,FT,away,away,,0.0534,0.1305,0.8161,,,,,,0.59,2.71,0,2,,away,15.0,7.7,1.2,0.0647,0.1261,0.8092,14.5,8.05,1.192,0.0668,0.1204,0.8128,True,False,,0.2032,0.0537
G63,group,H,2026-06-26,cape_verde,saudi_arabia,Cape Verde,Saudi Arabia,0,0,FT,draw,draw,,0.3386,0.3323,0.3291,,,,,,0.97,0.95,0,0,,home,2.65,3.32,2.86,0.367,0.2929,0.3401,2.57,3.46,2.72,0.3721,0.2764,0.3516,False,True,,1.1016,0.6687
G64,group,H,2026-06-26,uruguay,spain,Uruguay,Spain,0,1,FT,away,away,,0.0942,0.225,0.6808,,,,,,0.51,1.79,0,1,,away,6.4,3.62,1.7,0.1531,0.2706,0.5763,5.47,3.53,1.714,0.1742,0.2699,0.5559,True,True,,0.3845,0.1614
G65,group,I,2026-06-26,norway,france,Norway,France,1,4,FT,away,away,,0.1713,0.2449,0.5839,,,,,,0.85,1.76,0,1,,away,7.2,5.55,1.42,0.1357,0.1761,0.6882,8.23,5.79,1.321,0.1156,0.1643,0.7201,True,False,,0.5381,0.2625
G66,group,I,2026-06-26,senegal,iraq,Senegal,Iraq,5,0,FT,home,home,,0.641,0.241,0.118,,,,,,1.71,0.59,1,0,,home,1.22,7.3,14.0,0.7973,0.1332,0.0695,1.19,7.09,13.59,0.7966,0.1337,0.0697,True,False,,0.4447,0.2009
G67,group,J,2026-06-27,algeria,austria,Algeria,Austria,3,3,FT,draw,draw,,0.283,0.2863,0.4307,,,,,,1.05,1.36,1,1,,away,3.7,2.05,3.8,0.2647,0.4777,0.2577,3.52,2.04,3.63,0.2706,0.467,0.2624,False,False,,1.2507,0.7749
G68,group,J,2026-06-27,jordan,argentina,Jordan,Argentina,1,3,FT,away,away,,0.019,0.0819,0.8991,,,,,,0.33,3.05,0,3,,away,22.0,9.75,1.14,0.0443,0.1,0.8556,18.7,9.03,1.166,0.0523,0.1084,0.8393,True,False,,0.1063,0.0172
G69,group,K,2026-06-27,colombia,portugal,Colombia,Portugal,0,0,FT,draw,draw,,0.2532,0.2838,0.4631,,,,,,0.98,1.41,1,1,,away,3.58,3.88,2.05,0.2726,0.2515,0.476,4.17,4.14,1.847,0.2345,0.2362,0.5294,False,False,,1.2596,0.7915
G70,group,K,2026-06-27,dr_congo,uzbekistan,DR Congo,Uzbekistan,3,1,FT,home,home,,0.381,0.347,0.2719,,,,,,0.97,0.78,0,0,,home,1.69,3.76,5.85,0.5753,0.2586,0.1662,1.645,3.89,5.43,0.5794,0.245,0.1755,True,False,,0.9649,0.5775
G71,group,L,2026-06-27,panama,england,Panama,England,0,2,FT,away,away,,0.0447,0.1418,0.8135,,,,,,0.43,2.42,0,2,,away,19.5,9.0,1.16,0.0501,0.1085,0.8415,17.94,8.43,1.148,0.0533,0.1135,0.8332,True,True,,0.2064,0.0569
G72,group,L,2026-06-27,croatia,ghana,Croatia,Ghana,2,1,FT,home,home,,0.6427,0.2354,0.122,,,,,,1.77,0.63,1,0,,home,1.85,3.18,5.9,0.5276,0.3069,0.1654,1.813,3.21,5.6,0.5295,0.2991,0.1714,True,False,,0.4421,0.1979
M73,R32,,2026-06-28,south_africa,canada,South Africa,Canada,0,1,FT,away,away,canada,0.1006,0.2049,0.6945,0.1219,0.0972,0.7809,0.1659,0.8341,0.63,2.01,0,1,0.1587,away,5.75,3.6,1.666,0.1653,0.2641,0.5706,5.0,3.45,1.877,0.1956,0.2834,0.521,True,True,True,0.2473,0.0723
M74,R32,,2026-06-29,germany,paraguay,Germany,Paraguay,1,1,PEN,draw,draw,paraguay,0.7446,0.1774,0.078,0.826,0.0799,0.0941,0.8713,0.1287,2.23,0.59,2,0,0.1558,home,1.37,5.2,9.6,0.7112,0.1874,0.1015,1.344,5.2,11.0,0.7243,0.1872,0.0885,False,False,False,2.527,1.5377
M75,R32,,2026-06-29,netherlands,morocco,Netherlands,Morocco,1,1,PEN,draw,draw,morocco,0.4106,0.3183,0.2711,0.4901,0.1808,0.3292,0.5829,0.4171,1.15,0.88,1,0,0.1709,home,2.41,3.22,3.38,0.4063,0.3041,0.2897,2.49,3.13,3.34,0.3935,0.3131,0.2934,False,False,False,1.7104,1.0197
M76,R32,,2026-06-29,brazil,japan,Brazil,Japan,2,1,FT,home,home,brazil,0.4868,0.2781,0.2351,0.5713,0.144,0.2846,0.6465,0.3535,1.47,0.95,1,0,0.1446,home,1.77,3.7,5.15,0.5488,0.2625,0.1886,1.793,3.59,5.33,0.5447,0.2721,0.1832,True,False,True,0.5598,0.2855
M77,R32,,2026-06-30,france,sweden,France,Sweden,3,0,FT,home,home,france,0.842,0.1118,0.0461,0.9045,0.0409,0.0546,0.9281,0.0719,2.99,0.62,2,0,0.1256,home,1.25,6.0,11.0,0.7564,0.1576,0.086,1.307,6.0,11.0,0.7481,0.163,0.0889,True,False,True,0.1004,0.0138
M78,R32,,2026-06-30,ivory_coast,norway,Ivory Coast,Norway,1,2,FT,away,away,norway,0.214,0.2724,0.5136,0.2594,0.1405,0.6,0.326,0.674,0.9,1.53,0,1,0.1495,away,3.72,3.42,2.16,0.2625,0.2855,0.452,3.7,3.29,2.12,0.2584,0.2906,0.451,True,False,True,0.5108,0.247
M79,R32,,2026-06-30,mexico,ecuador,Mexico,Ecuador,2,0,FT,home,home,mexico,0.4179,0.3317,0.2504,0.4993,0.1952,0.3054,0.598,0.402,1.09,0.78,1,0,0.1925,home,2.25,2.88,4.25,0.4328,0.3381,0.2291,2.38,2.81,4.07,0.4112,0.3483,0.2405,True,False,True,0.6945,0.3821
M80,R32,,2026-07-01,england,dr_congo,England,DR Congo,2,1,FT,home,home,england,0.779,0.1764,0.0446,0.8592,0.0868,0.054,0.9106,0.0894,2.02,0.32,1,0,0.222,home,1.3,5.05,16.0,0.747,0.1923,0.0607,1.315,4.99,11.17,0.724,0.1908,0.0852,True,False,True,0.1518,0.0303
M81,R32,,2026-07-01,united_states,bosnia_and_herzegovina,United States,Bosnia and Herzegovina,2,0,FT,home,home,united_states,0.7686,0.1529,0.0785,0.8443,0.0618,0.0939,0.8784,0.1216,2.59,0.73,2,0,0.1262,home,1.39,5.05,9.0,0.6995,0.1925,0.108,1.389,5.25,8.9,0.7039,0.1862,0.1099,True,True,True,0.1692,0.0369
M82,R32,,2026-07-01,belgium,senegal,Belgium,Senegal,3,2,AET,draw,home,belgium,0.4999,0.2711,0.229,0.5849,0.138,0.2771,0.6572,0.3428,1.54,0.96,1,0,0.1392,home,2.17,3.32,3.8,0.4495,0.2938,0.2567,1.98,3.45,4.37,0.4933,0.2831,0.2235,True,False,True,0.5363,0.2681
M83,R32,,2026-07-02,portugal,croatia,Portugal,Croatia,2,1,FT,home,home,portugal,0.6046,0.2401,0.1553,0.6935,0.1182,0.1883,0.7574,0.2426,1.79,0.79,1,0,0.1496,home,1.71,3.8,5.55,0.5688,0.256,0.1752,1.719,3.7,5.95,0.5703,0.265,0.1648,True,False,True,0.366,0.1434
M84,R32,,2026-07-02,spain,austria,Spain,Austria,3,0,FT,home,home,spain,0.749,0.175,0.0759,0.8299,0.0786,0.0916,0.8745,0.1255,2.24,0.58,2,0,0.1564,home,1.32,5.6,11.0,0.7376,0.1739,0.0885,1.359,4.98,9.22,0.7041,0.1921,0.1038,True,False,True,0.1865,0.0435
M85,R32,,2026-07-02,switzerland,algeria,Switzerland,Algeria,2,0,FT,home,home,switzerland,0.4916,0.26,0.2483,0.5744,0.1266,0.299,0.6402,0.3598,1.63,1.1,2,1,0.1241,home,2.0,3.3,4.6,0.49,0.297,0.213,2.04,3.24,4.46,0.4792,0.3017,0.2192,True,False,True,0.5544,0.2866
M86,R32,,2026-07-03,argentina,cape_verde,Argentina,Cape Verde,3,2,AET,draw,home,argentina,0.9265,0.0637,0.0098,0.9664,0.0222,0.0114,0.9805,0.0195,3.18,0.22,3,0,0.1816,home,1.16,8.2,24.0,0.8405,0.1189,0.0406,1.142,7.8,18.31,0.8273,0.1211,0.0516,True,False,True,0.0342,0.0018
M87,R32,,2026-07-03,colombia,ghana,Colombia,Ghana,1,0,FT,home,home,colombia,0.7727,0.1667,0.0606,0.8514,0.0756,0.073,0.895,0.105,2.24,0.48,2,0,0.1727,home,1.43,4.45,9.8,0.6815,0.219,0.0994,1.48,4.11,7.94,0.6466,0.2328,0.1205,True,False,True,0.1609,0.0331
M88,R32,,2026-07-03,australia,egypt,Australia,Egypt,1,1,PEN,draw,draw,egypt,0.3789,0.3358,0.2853,0.4552,0.198,0.3468,0.5561,0.4439,1.02,0.85,1,0,0.1796,home,3.76,2.9,2.41,0.2593,0.3362,0.4045,3.62,2.76,2.49,0.2656,0.3483,0.3861,False,False,False,1.6195,0.9707
M89,R16,,2026-07-04,paraguay,france,Paraguay,France,0,1,FT,away,away,france,0.0463,0.1546,0.7991,0.0538,0.0874,0.8588,0.0899,0.9101,0.4,2.28,0,2,0.1855,away,21.0,7.5,1.18,0.0463,0.1296,0.824,12.83,6.15,1.227,0.0738,0.154,0.7721,True,False,True,0.1522,0.0305
M90,R16,,2026-07-04,canada,morocco,Canada,Morocco,0,3,FT,away,away,morocco,0.2284,0.3051,0.4665,0.2625,0.2126,0.5249,0.3615,0.6385,0.81,1.28,0,1,0.1695,away,5.85,3.54,1.75,0.1668,0.2756,0.5576,5.07,3.19,1.826,0.1864,0.2962,0.5174,True,False,True,0.6445,0.3398
M91,R16,,2026-07-05,brazil,norway,Brazil,Norway,1,2,FT,away,away,norway,0.5998,0.2239,0.1763,0.668,0.1271,0.2049,0.736,0.264,2.0,1.0,2,1,0.1213,home,1.75,3.7,4.75,0.5431,0.2569,0.2001,1.8,3.71,5.01,0.5422,0.263,0.1948,False,False,False,1.5852,1.0946
M92,R16,,2026-07-05,mexico,england,Mexico,England,2,3,FT,away,away,england,0.2421,0.3049,0.453,0.2782,0.2112,0.5107,0.3771,0.6229,0.85,1.27,0,1,0.1624,away,3.0,3.1,2.5,0.3157,0.3055,0.3788,3.24,3.09,2.57,0.3022,0.3169,0.381,True,False,True,0.672,0.3614
M93,R16,,2026-07-06,portugal,spain,Portugal,Spain,0,1,FT,away,away,spain,0.2504,0.2869,0.4627,0.2885,0.1888,0.5227,0.3794,0.6206,0.96,1.4,0,1,0.1405,away,4.1,3.5,1.9,0.231,0.2706,0.4984,3.9,3.5,1.99,0.2455,0.2735,0.481,True,True,True,0.6487,0.3467
M94,R16,,2026-07-06,united_states,belgium,United States,Belgium,1,4,FT,away,away,belgium,0.3139,0.2486,0.4374,0.3612,0.1416,0.4972,0.4291,0.5709,1.41,1.7,1,2,0.1099,away,2.5,3.4,2.75,0.3782,0.2781,0.3438,2.62,3.31,2.97,0.374,0.296,0.3299,True,False,True,0.6988,0.4033
M95,R16,,2026-07-07,argentina,egypt,Argentina,Egypt,3,2,FT,home,home,argentina,0.7734,0.1763,0.0503,0.8352,0.1064,0.0584,0.8976,0.1024,2.06,0.37,1,0,0.1994,home,1.33,4.75,11.0,0.7138,0.1999,0.0863,1.363,4.8,11.75,0.7143,0.2028,0.0829,True,False,True,0.1801,0.0419
M96,R16,,2026-07-07,switzerland,colombia,Switzerland,Colombia,0,0,PEN,draw,draw,switzerland,0.2524,0.2769,0.4707,0.2912,0.177,0.5318,0.3764,0.6236,1.02,1.48,0,1,0.1288,away,3.5,3.1,2.25,0.2714,0.3064,0.4222,3.56,2.9,2.52,0.2747,0.3372,0.3881,False,False,False,1.7316,1.0449
M97,QF,,2026-07-09,france,morocco,France,Morocco,2,0,FT,home,home,france,0.5566,0.2834,0.16,0.6199,0.1952,0.1848,0.7254,0.2746,1.44,0.65,1,0,0.1929,home,1.6,3.8,6.0,0.5925,0.2495,0.158,1.609,3.95,6.9,0.6096,0.2483,0.1421,True,False,True,0.4782,0.2167
M98,QF,,2026-07-10,spain,belgium,Spain,Belgium,2,1,FT,home,home,spain,0.6262,0.2257,0.1481,0.6944,0.1333,0.1723,0.7666,0.2334,1.93,0.83,1,0,0.1295,home,1.57,4.1,5.75,0.6039,0.2312,0.1649,1.649,3.95,5.9,0.5893,0.246,0.1647,True,False,True,0.3647,0.1408
M99,QF,,2026-07-11,norway,england,Norway,England,1,2,AET,draw,away,england,0.1833,0.2497,0.567,0.2127,0.1536,0.6337,0.2844,0.7156,0.89,1.73,0,1,0.134,away,4.1,3.8,1.83,0.2315,0.2498,0.5187,4.54,3.82,1.84,0.2148,0.2553,0.53,True,False,True,0.4562,0.203
M100,QF,,2026-07-11,argentina,switzerland,Argentina,Switzerland,3,1,AET,draw,home,argentina,0.6845,0.2111,0.1044,0.7517,0.1267,0.1216,0.8223,0.1777,1.97,0.63,1,0,0.1569,home,1.66,3.5,6.0,0.5711,0.2709,0.158,1.74,3.29,6.08,0.5509,0.2914,0.1577,True,False,True,0.2854,0.0925
M101,SF,,2026-07-14,france,spain,France,Spain,0,2,FT,away,away,spain,0.4249,0.2963,0.2788,0.4815,0.1982,0.3203,0.5832,0.4168,1.29,1.0,1,0,0.1385,home,2.35,3.1,3.25,0.403,0.3055,0.2914,2.65,2.94,3.12,0.3635,0.3277,0.3088,False,False,False,1.1385,0.7331
M102,SF,,2026-07-15,england,argentina,England,Argentina,1,2,FT,away,away,argentina,0.3039,0.3038,0.3922,0.3481,0.2063,0.4456,0.4496,0.5504,1.03,1.2,0,1,0.1369,away,2.62,2.87,3.1,0.3626,0.331,0.3064,2.82,2.85,3.1,0.3449,0.3413,0.3138,True,False,True,0.8083,0.4711
M103,third_place,,2026-07-18,france,england,France,England,4,6,FT,away,away,england,0.3786,0.3015,0.3198,0.4309,0.2031,0.366,0.5335,0.4665,1.19,1.07,1,0,0.1302,home,1.83,4.1,3.8,0.5187,0.2315,0.2498,1.724,4.25,4.65,0.5629,0.2284,0.2087,False,False,False,1.0051,0.6289
M104,final,,2026-07-19,spain,argentina,Spain,Argentina,1,0,AET,draw,home,spain,0.4972,0.283,0.2198,0.5592,0.1871,0.2537,0.6574,0.3426,1.44,0.87,1,0,0.1518,home,2.2,3.0,3.7,0.4296,0.315,0.2554,2.25,3.06,3.8,0.4297,0.3159,0.2544,True,True,True,0.5812,0.2937
